Pepa Zdepa, Thu Mar 18 19:27:16 CET 2021, My comment, This is interesting...
Pepa Zdepa, Thu Mar 18 19:27:57 CET 2021, My comment, This is interesting...
Pepa Zdepa, Thu Mar 18 23:48:38 CET 2021, My comment, This is interesting...
Pepa Zdepa, Mon Mar 22 23:49:10 CET 2021, My comment, This is interesting...
Pepa Zdepa, Mon Mar 22 23:50:17 CET 2021, My comment, This is interesting...
Pepa Zdepa, Mon Mar 22 23:51:42 CET 2021, My comment, This is interesting...
Pepa Zdepa, Tue Mar 23 00:12:59 CET 2021, My comment, This is interesting...
Pepa Zdepa, Tue Mar 23 00:35:49 CET 2021, My comment, This is interesting...
Pepa Zdepa, Tue Mar 23 00:43:53 CET 2021, My comment, This is interesting...
Pepa Zdepa, Tue Mar 23 00:46:18 CET 2021, My comment, This is interesting...
Pepa Zdepa, Tue Mar 23 00:47:29 CET 2021, My comment, This is interesting...
Pepa Zdepa, Tue Mar 23 00:47:41 CET 2021, My comment, This is interesting...
Pepa Zdepa, Tue Mar 23 01:18:38 CET 2021, My comment, This is interesting...
Pepa Zdepa, Tue Mar 23 21:02:19 CET 2021, My comment, This is interesting...
Pepa Zdepa, Tue Mar 23 21:09:42 CET 2021, My comment, This is interesting...
Pepa Zdepa, Tue Mar 23 21:47:57 CET 2021, My comment, This is interesting...
Pepa Zdepa, Tue Mar 23 21:53:35 CET 2021, My comment, This is interesting...
Pepa Zdepa, Tue Mar 23 22:04:03 CET 2021, My comment, This is interesting...
Pepa Zdepa, Tue Mar 23 22:04:34 CET 2021, My comment, This is interesting...
Pepa Zdepa, Tue Mar 23 22:04:59 CET 2021, My comment, This is interesting...
Pepa Zdepa, Sat Mar 27 23:30:55 CET 2021, My comment, This is interesting...
Pepa Zdepa, Sat Mar 27 23:35:28 CET 2021, My comment, This is interesting...
